Collcetion,Average_prob,Max_prob,Min_prob
Amphibians,0.9994967930457171,1.00001,0.9802909
Birds,1.0000100135803223,1.00001,1.00001
Botany,0.970484578288069,1.00001,0.06755669
Entomology,0.9998412003704146,1.00001,0.9924328
Fishes,0.9798931307068058,1.00001,0.16886695
Mammals,0.9596080891057557,1.00001,0.10375863
zoology,0.9666027575731277,1.00001,0.21734752
