precision,recall,k,learning rate,epoch
0.88,0.88,1,0.1,5
0.88,0.88,1,0.1,10
0.88,0.88,1,0.1,15
0.88,0.88,1,0.1,20
0.88,0.88,1,0.1,25
0.88,0.88,1,0.5,5
0.88,0.88,1,0.5,10
0.88,0.88,1,0.5,15
0.88,0.88,1,0.5,20
0.88,0.88,1,0.5,25
0.88,0.88,1,1,5
0.88,0.88,1,1,10
0.88,0.88,1,1,15
0.88,0.88,1,1,20
0.88,0.88,1,1,25
0.49333333333333335,0.9866666666666667,2,0.1,5
0.49333333333333335,0.9866666666666667,2,0.1,10
0.49333333333333335,0.9866666666666667,2,0.1,15
0.49333333333333335,0.9866666666666667,2,0.1,20
0.49333333333333335,0.9866666666666667,2,0.1,25
0.49333333333333335,0.9866666666666667,2,0.5,5
0.49333333333333335,0.9866666666666667,2,0.5,10
0.49333333333333335,0.9866666666666667,2,0.5,15
0.49333333333333335,0.9866666666666667,2,0.5,20
0.49333333333333335,0.9866666666666667,2,0.5,25
0.49333333333333335,0.9866666666666667,2,1,5
0.49333333333333335,0.9866666666666667,2,1,10
0.49333333333333335,0.9866666666666667,2,1,15
0.49333333333333335,0.9866666666666667,2,1,20
0.49333333333333335,0.9866666666666667,2,1,25
0.3333333333333333,1.0,3,0.1,5
0.3333333333333333,1.0,4,0.1,5
0.3333333333333333,1.0,5,0.1,5
0.3333333333333333,1.0,3,0.1,10
0.3333333333333333,1.0,4,0.1,10
0.3333333333333333,1.0,5,0.1,10
0.3333333333333333,1.0,3,0.1,15
0.3333333333333333,1.0,4,0.1,15
0.3333333333333333,1.0,5,0.1,15
0.3333333333333333,1.0,3,0.1,20
0.3333333333333333,1.0,4,0.1,20
0.3333333333333333,1.0,5,0.1,20
0.3333333333333333,1.0,3,0.1,25
0.3333333333333333,1.0,4,0.1,25
0.3333333333333333,1.0,5,0.1,25
0.3333333333333333,1.0,3,0.5,5
0.3333333333333333,1.0,4,0.5,5
0.3333333333333333,1.0,5,0.5,5
0.3333333333333333,1.0,3,0.5,10
0.3333333333333333,1.0,4,0.5,10
0.3333333333333333,1.0,5,0.5,10
0.3333333333333333,1.0,3,0.5,15
0.3333333333333333,1.0,4,0.5,15
0.3333333333333333,1.0,5,0.5,15
0.3333333333333333,1.0,3,0.5,20
0.3333333333333333,1.0,4,0.5,20
0.3333333333333333,1.0,5,0.5,20
0.3333333333333333,1.0,3,0.5,25
0.3333333333333333,1.0,4,0.5,25
0.3333333333333333,1.0,5,0.5,25
0.3333333333333333,1.0,3,1,5
0.3333333333333333,1.0,4,1,5
0.3333333333333333,1.0,5,1,5
0.3333333333333333,1.0,3,1,10
0.3333333333333333,1.0,4,1,10
0.3333333333333333,1.0,5,1,10
0.3333333333333333,1.0,3,1,15
0.3333333333333333,1.0,4,1,15
0.3333333333333333,1.0,5,1,15
0.3333333333333333,1.0,3,1,20
0.3333333333333333,1.0,4,1,20
0.3333333333333333,1.0,5,1,20
0.3333333333333333,1.0,3,1,25
0.3333333333333333,1.0,4,1,25
0.3333333333333333,1.0,5,1,25
